,Name,LTP,P/E,Debt_to_equity,ESP,BVPS,Net_Profit(RS.cr),DSP(RS.),NPM%,ROE%,Category,Status
0,Amara Raja Batt,665.55,22.55,0.01,37.87,246.49,646.0,11.0,9.04,15.36,NIFTY_AUTO,profit
1,Ashok Leyland,146.0,-106.07,0.53,-1.07,23.77,-313.0,0.0,-2.05,-4.49,NIFTY_AUTO,loss
2,Bajaj Auto,3583.8,21.86,0.0,167.9,942.51,4550.0,140.0,16.4,17.8,NIFTY_AUTO,profit
3,Balkrishna Ind,2322.15,27.72,0.17,60.91,310.39,1177.0,17.0,20.36,19.62,NIFTY_AUTO,profit
4,Bharat Forge,802.75,-219.91,0.85,-2.71,116.98,-96.0,2.0,-1.53,-2.33,NIFTY_AUTO,loss
5,Bosch,18892.25,86.43,0.0,163.0,3326.41,480.0,115.0,4.94,4.91,NIFTY_AUTO,profit
6,Eicher Motors,2674.2,52.82,0.01,49.3,418.52,1315.0,17.0,15.08,11.77,NIFTY_AUTO,profit
7,Exide Ind,177.5,19.27,0.02,9.53,86.1,803.0,2.0,5.25,11.13,NIFTY_AUTO,profit
8,Hero Motocorp,2749.35,19.95,0.02,146.07,778.76,2982.0,105.0,9.63,18.92,NIFTY_AUTO,profit
9,M&M,954.45,48.7,1.43,16.33,456.2,2425.0,8.75,0.31,4.35,NIFTY_AUTO,profit
10,Maruti Suzuki,8274.75,47.21,0.01,145.3,1738.43,4220.0,45.0,5.99,8.36,NIFTY_AUTO,profit
11,MRF,79374.15,0.0,0.13,3011.14,31636.34,1277.0,150.0,7.9,9.52,NIFTY_AUTO,profit
12,Tata Motors,530.15,-8.16,2.08,-36.99,148.39,-13016.0,0.0,-5.21,-24.34,NIFTY_AUTO,loss
13,Tube Investment,1735.4,78.87,0.61,15.13,130.07,304.0,3.5,5.0,13.18,NIFTY_AUTO,profit
14,TVS Motor,739.7,46.77,2.44,12.51,88.71,615.0,3.5,3.16,15.52,NIFTY_AUTO,profit
15,HCL Tech,1152.45,23.93,0.06,41.07,221.3,11169.0,10.0,14.81,18.6,NIFTY_IT,profit
16,Infosys,1787.45,29.99,0.0,45.61,180.75,19423.0,27.0,19.33,25.34,NIFTY_IT,profit
17,L&T Infotech,7397.05,36.53,0.01,110.98,417.55,1938.0,40.0,15.66,26.5,NIFTY_IT,profit
18,Mindtree,4988.95,30.9,0.0,67.44,262.23,1110.0,25.0,13.93,25.71,NIFTY_IT,profit
19,MphasiS,3442.65,27.26,0.08,65.18,348.93,1216.0,65.0,12.51,18.64,NIFTY_IT,profit
20,Oracle Fin Serv,4476.35,15.61,0.0,204.9,795.8,1761.0,200.0,35.35,25.72,NIFTY_IT,profit
21,TCS,3521.9,36.65,0.0,86.71,235.43,32562.0,38.0,19.83,37.52,NIFTY_IT,profit
22,Tech Mahindra,1618.45,19.58,0.07,50.64,288.78,4351.0,45.0,11.49,17.81,NIFTY_IT,profit
23,Wipro,661.8,21.67,0.12,19.11,100.48,10855.0,1.0,17.52,19.66,NIFTY_IT,profit
24,Alkem Lab,3476.9,20.89,0.23,132.57,632.2,1617.0,30.0,18.24,21.48,NIFTY_PHARMA,profit
25,Aurobindo Pharm,666.55,9.68,0.23,91.05,374.28,5389.0,4.0,21.75,24.32,NIFTY_PHARMA,profit
26,Biocon,376.4,65.53,0.47,6.24,70.09,925.0,0.0,12.88,9.83,NIFTY_PHARMA,profit
27,Cadila Health,472.1,21.16,0.28,20.84,145.8,2137.0,3.5,14.15,16.42,NIFTY_PHARMA,profit
28,Cipla,905.35,27.33,0.08,29.82,230.46,2401.0,5.0,12.53,13.12,NIFTY_PHARMA,profit
29,Divis Labs,4763.85,48.47,0.0,74.75,350.15,1984.0,20.0,28.47,21.34,NIFTY_PHARMA,profit
30,Dr Reddys Labs,4768.3,38.38,0.17,117.67,1060.2,1903.0,25.0,9.99,11.06,NIFTY_PHARMA,profit
31,Lupin,910.15,38.02,0.22,26.84,305.45,1226.0,6.5,8.08,8.81,NIFTY_PHARMA,profit
32,Sun Pharma,791.35,49.4,0.07,12.1,206.23,2284.0,7.5,6.82,6.24,NIFTY_PHARMA,profit
33,Torrent Pharma,2834.4,34.4,0.62,73.98,344.9,1251.0,35.0,15.63,21.44,NIFTY_PHARMA,profit
34,Britannia,3615.05,46.82,0.59,77.43,148.78,1849.0,157.5,14.08,52.53,NIFTY_FMCG,profit
35,Colgate,1484.15,40.96,0.0,38.07,42.86,1035.0,38.0,21.38,88.8,NIFTY_FMCG,profit
36,Dabur India,608.0,56.42,0.06,9.58,43.57,1695.0,4.75,17.76,22.09,NIFTY_FMCG,profit
37,Emami,526.9,47.51,0.05,10.23,39.63,458.0,8.0,15.93,25.79,NIFTY_FMCG,profit
38,Godrej Consumer,921.65,43.35,0.08,16.83,92.31,1720.0,0.0,15.6,18.23,NIFTY_FMCG,profit
39,HUL,2391.15,71.45,0.0,34.03,202.95,8000.0,31.0,17.0,16.77,NIFTY_FMCG,profit
40,ITC,239.5,20.42,0.0,10.7,49.31,13389.0,10.75,27.17,21.8,NIFTY_FMCG,profit
41,Jubilant Food,3922.25,165.87,0.0,17.55,108.83,230.0,6.0,6.96,16.23,NIFTY_FMCG,profit
42,Marico,551.75,45.3,0.11,9.08,25.26,1201.0,7.5,14.92,36.17,NIFTY_FMCG,profit
43,Nestle,19477.05,0.0,0.02,215.98,209.43,2082.0,200.0,15.59,103.12,NIFTY_FMCG,profit
44,P and G,15042.0,0.0,0.0,200.8,220.05,651.0,235.0,18.23,91.25,NIFTY_FMCG,profit
45,United Brewerie,1655.75,290.06,0.03,4.28,135.63,113.0,0.5,2.68,3.16,NIFTY_FMCG,profit
46,United Spirits,928.35,102.84,0.21,5.41,55.87,363.0,0.0,4.46,9.31,NIFTY_FMCG,profit
47,Varun Beverages,930.75,0.0,0.76,11.4,124.31,423.0,2.5,6.57,9.33,NIFTY_FMCG,profit
48,Adani Enterpris,1706.45,122.9,0.89,8.39,171.94,746.0,1.0,1.88,5.37,NIFTY_METAL,profit
49,APL Apollo,907.9,24.23,0.26,28.91,146.75,407.0,0.0,4.79,21.25,NIFTY_METAL,profit
50,Coal India,156.1,6.32,0.16,20.61,59.97,12705.0,16.0,14.11,34.77,NIFTY_METAL,profit
51,Hindalco,445.4,20.87,0.98,15.66,299.73,5177.0,3.0,2.63,5.23,NIFTY_METAL,profit
52,Hind Zinc,332.65,14.45,0.2,18.89,76.48,7980.0,21.3,35.26,24.69,NIFTY_METAL,profit
53,Jindal Steel,381.9,9.64,0.68,35.63,303.3,5526.0,0.0,10.94,11.42,NIFTY_METAL,profit
54,JSW Steel,662.35,14.23,1.11,32.91,152.8,7872.0,6.5,9.85,16.91,NIFTY_METAL,profit
55,MOIL,173.9,20.24,0.0,7.44,118.82,176.0,7.4,15.0,6.26,NIFTY_METAL,profit
56,NALCO,98.75,7.75,0.0,6.97,58.14,1299.0,3.5,14.51,12.16,NIFTY_METAL,profit
57,NMDC,138.2,6.54,0.07,20.7,102.02,6247.0,7.76,40.64,21.0,NIFTY_METAL,profit
58,Ratnamani Metal,2170.35,32.2,0.07,59.07,425.35,276.0,14.0,12.0,13.88,NIFTY_METAL,profit
59,SAIL,113.65,8.45,0.82,9.32,105.3,3850.0,0.0,5.57,8.85,NIFTY_METAL,profit
60,Tata Steel,1220.05,12.73,1.11,63.78,640.69,7862.0,25.0,5.03,10.19,NIFTY_METAL,profit
61,Vedanta,338.2,7.3,0.8,31.32,208.11,15033.0,9.5,17.07,18.62,NIFTY_METAL,profit
62,Welspun Corp,159.4,5.83,0.15,23.72,146.38,495.0,5.0,7.69,16.31,NIFTY_METAL,profit
63,Brigade Ent,513.05,-124.04,1.71,-2.24,116.4,-98.0,0.0,-5.07,-1.98,NIFTY_REALTY,loss
64,DLF,417.95,64.94,0.16,4.42,142.87,477.0,2.0,8.81,3.09,NIFTY_REALTY,profit
65,Godrej Prop,2222.2,-188.07,0.54,-7.48,299.33,-73.0,0.0,-9.59,-2.27,NIFTY_REALTY,loss
66,Hemisphere,138.55,-528.65,0.11,-0.26,13.22,-7.0,0.0,0.0,-1.97,NIFTY_REALTY,loss
68,Oberoi Realty,957.35,28.29,0.16,20.33,257.68,736.0,0.0,35.85,7.89,NIFTY_REALTY,profit
69,Phoenix Mills,1084.55,243.95,0.75,3.2,360.96,33.0,1.0,3.15,1.07,NIFTY_REALTY,profit
70,Prestige Estate,466.25,8.41,0.54,36.32,176.98,1577.0,1.5,21.7,21.81,NIFTY_REALTY,profit
71,Sobha,867.55,63.23,1.26,6.91,241.14,65.0,3.5,3.05,2.86,NIFTY_REALTY,profit
72,Sunteck Realty,480.4,94.09,0.24,2.98,197.46,41.0,1.5,6.77,1.51,NIFTY_REALTY,profit
73,DB Corp,99.8,11.12,0.03,8.08,104.19,141.0,3.0,9.37,7.75,NIFTY_MEDIA,profit
74,Dish TV,17.35,-1.51,0.18,-6.12,14.27,-1189.0,0.0,-36.61,-43.82,NIFTY_MEDIA,loss
75,INOX Leisure,426.3,-8.85,0.11,-32.22,56.27,-337.0,0.0,-318.74,-53.34,NIFTY_MEDIA,loss
76,JagranPrakashan,66.3,18.59,0.13,3.16,79.64,78.0,0.0,6.05,4.45,NIFTY_MEDIA,profit
77,PVR,1737.65,-9.04,0.6,-135.64,301.74,-747.0,0.0,-266.99,-40.78,NIFTY_MEDIA,loss
78,Sun TV Network,554.15,12.15,0.0,38.7,179.12,1531.0,5.0,48.21,21.62,NIFTY_MEDIA,profit
79,TV TodayNetwork,404.25,12.04,0.0,22.04,166.03,131.0,2.5,16.79,13.27,NIFTY_MEDIA,profit
80,TV18 Broadcast,44.9,10.81,0.21,2.66,31.23,686.0,0.0,15.25,10.86,NIFTY_MEDIA,profit
81,Zee Entertain,320.2,24.39,0.0,8.33,105.18,793.0,2.5,10.26,7.92,NIFTY_MEDIA,profit
82,Adani Green Ene,1313.5,1624.78,27.22,0.68,5.03,176.0,0.0,5.63,24.39,NIFTY_ENERGY,profit
83,BPCL,413.8,5.23,0.75,81.87,255.89,17645.0,79.0,7.66,30.18,NIFTY_ENERGY,profit
84,GAIL,145.0,9.96,0.13,13.61,119.99,4428.0,5.0,7.71,11.53,NIFTY_ENERGY,profit
85,HPCL,326.0,3.32,1.12,70.57,262.19,10524.0,22.75,4.51,28.0,NIFTY_ENERGY,profit
86,IOC,128.45,3.9,0.97,23.57,122.88,20565.0,12.0,5.65,19.34,NIFTY_ENERGY,profit
87,NTPC,136.45,7.17,1.57,14.87,133.31,14285.0,6.15,12.8,11.63,NIFTY_ENERGY,profit
88,ONGC,157.4,7.91,0.5,12.92,192.84,20324.0,3.6,6.68,7.35,NIFTY_ENERGY,profit
89,Power Grid Corp,191.05,7.03,1.87,23.01,133.68,11821.0,12.0,29.82,17.21,NIFTY_ENERGY,profit
90,Reliance,2464.0,26.23,0.32,76.37,1240.39,53223.0,7.0,11.39,7.01,NIFTY_ENERGY,profit
91,Tata Power,249.9,32.57,1.85,3.17,74.32,611.0,1.55,1.74,5.41,NIFTY_ENERGY,profit
92,ACC,2471.55,0.0,0.01,76.16,675.69,1421.0,14.0,10.3,11.26,NIFTY_INFRA,profit
93,Adani Ports,735.55,28.58,1.09,24.58,157.16,5063.0,5.0,40.34,16.39,NIFTY_INFRA,profit
94,Ambuja Cements,409.15,0.0,0.0,11.91,146.54,3092.0,18.0,12.61,10.39,NIFTY_INFRA,profit
95,Apollo Hospital,5733.95,270.27,0.54,10.74,333.96,136.0,3.0,1.28,3.26,NIFTY_INFRA,profit
96,Ashok Leyland,146.0,-106.07,0.53,-1.07,23.77,-313.0,0.0,-2.05,-4.49,NIFTY_INFRA,loss
97,Balkrishna Ind,2322.15,27.72,0.17,60.91,310.39,1177.0,17.0,20.36,19.62,NIFTY_INFRA,profit
98,BPCL,413.8,5.23,0.75,81.87,255.89,17645.0,79.0,7.66,30.18,NIFTY_INFRA,profit
99,Bharti Airtel,720.05,-18.36,2.2,-27.65,147.9,-23327.0,0.0,-12.19,-25.58,NIFTY_INFRA,loss
100,Container Corp,665.25,72.75,0.01,8.22,168.9,469.0,5.0,7.3,4.95,NIFTY_INFRA,profit
101,DLF,417.95,64.94,0.16,4.42,142.87,477.0,2.0,8.81,3.09,NIFTY_INFRA,profit
102,Exide Ind,177.5,19.27,0.02,9.53,86.1,803.0,2.0,5.25,11.13,NIFTY_INFRA,profit
103,GAIL,145.0,9.96,0.13,13.61,119.99,4428.0,5.0,7.71,11.53,NIFTY_INFRA,profit
104,Grasim,1792.65,22.12,0.95,65.57,1558.52,6560.0,9.0,8.89,6.57,NIFTY_INFRA,profit
105,HPCL,326.0,3.32,1.12,70.57,262.19,10524.0,22.75,4.51,28.0,NIFTY_INFRA,profit
106,IOC,128.45,3.9,0.97,23.57,122.88,20565.0,12.0,5.65,19.34,NIFTY_INFRA,profit
107,IGL,497.1,30.59,0.0,16.75,90.49,1046.0,3.6,19.24,18.51,NIFTY_INFRA,profit
108,INDUS TOWERS,288.4,13.98,0.44,17.52,58.91,2912.0,20.12,20.87,23.8,NIFTY_INFRA,profit
109,Interglobe Avi,2332.0,-10.82,23.87,-150.89,2.73,-5806.0,0.0,-39.65,-5530.98,NIFTY_INFRA,loss
110,Larsen,1952.9,17.2,1.73,82.49,625.97,4668.0,36.0,9.49,15.26,NIFTY_INFRA,profit
111,MRF,79374.15,0.0,0.13,3011.14,31636.34,1277.0,150.0,7.9,9.52,NIFTY_INFRA,profit
112,NTPC,136.45,7.17,1.57,14.87,133.31,14285.0,6.15,12.8,11.63,NIFTY_INFRA,profit
113,ONGC,157.4,7.91,0.5,12.92,192.84,20324.0,3.6,6.68,7.35,NIFTY_INFRA,profit
114,Petronet LNG,228.05,11.47,0.0,19.59,78.71,2920.0,11.5,11.22,24.89,NIFTY_INFRA,profit
115,Power Grid Corp,191.05,7.03,1.87,23.01,133.68,11821.0,12.0,29.82,17.21,NIFTY_INFRA,profit
116,Reliance,2464.0,26.23,0.32,76.37,1240.39,53223.0,7.0,11.39,7.01,NIFTY_INFRA,profit
117,Shree Cements,27691.05,46.51,0.12,633.54,4281.75,2289.0,60.0,16.98,14.84,NIFTY_INFRA,profit
118,Siemens,2353.35,0.0,0.0,21.59,266.63,769.0,7.0,7.72,8.09,NIFTY_INFRA,profit
119,Tata Power,249.9,32.57,1.85,3.17,74.32,611.0,1.55,1.74,5.41,NIFTY_INFRA,profit
120,Ramco Cements,1021.9,29.49,0.54,34.0,243.24,763.0,3.0,14.43,13.67,NIFTY_INFRA,profit
121,UltraTechCement,7857.7,35.58,0.4,189.4,1530.59,5316.0,37.0,12.2,12.36,NIFTY_INFRA,profit
122,Aarti Ind,987.2,21.93,0.71,30.04,201.71,535.0,3.0,11.87,14.94,NIFTY_COMMODITIES,profit
123,ACC,2471.55,0.0,0.01,76.16,675.69,1421.0,14.0,10.3,11.26,NIFTY_COMMODITIES,profit
124,Adani Green Ene,1313.5,1624.78,27.22,0.68,5.03,176.0,0.0,5.63,24.39,NIFTY_COMMODITIES,profit
125,Ambuja Cements,409.15,0.0,0.0,11.91,146.54,3092.0,18.0,12.61,10.39,NIFTY_COMMODITIES,profit
126,Atul,9048.75,32.03,0.03,221.17,1302.65,652.0,20.0,17.49,17.13,NIFTY_COMMODITIES,profit
127,BPCL,413.8,5.23,0.75,81.87,255.89,17645.0,79.0,7.66,30.18,NIFTY_COMMODITIES,profit
128,Coal India,156.1,6.32,0.16,20.61,59.97,12705.0,16.0,14.11,34.77,NIFTY_COMMODITIES,profit
129,Coromandel Int,794.2,17.08,0.0,45.34,175.55,1323.0,12.0,9.31,25.8,NIFTY_COMMODITIES,profit
130,Dalmia Bharat,1990.95,24.2,0.23,65.65,684.49,1243.0,1.33,11.81,9.74,NIFTY_COMMODITIES,profit
131,Grasim,1792.65,22.12,0.95,65.57,1558.52,6560.0,9.0,8.89,6.57,NIFTY_COMMODITIES,profit
132,Hindalco,445.4,20.87,0.98,15.66,299.73,5177.0,3.0,2.63,5.23,NIFTY_COMMODITIES,profit
133,HPCL,326.0,3.32,1.12,70.57,262.19,10524.0,22.75,4.51,28.0,NIFTY_COMMODITIES,profit
134,Hind Zinc,332.65,14.45,0.2,18.89,76.48,7980.0,21.3,35.26,24.69,NIFTY_COMMODITIES,profit
135,IOC,128.45,3.9,0.97,23.57,122.88,20565.0,12.0,5.65,19.34,NIFTY_COMMODITIES,profit
136,Jindal Steel,381.9,9.64,0.68,35.63,303.3,5526.0,0.0,10.94,11.42,NIFTY_COMMODITIES,profit
137,JSW Steel,662.35,14.23,1.11,32.91,152.8,7872.0,6.5,9.85,16.91,NIFTY_COMMODITIES,profit
138,NMDC,138.2,6.54,0.07,20.7,102.02,6247.0,7.76,40.64,21.0,NIFTY_COMMODITIES,profit
139,NTPC,136.45,7.17,1.57,14.87,133.31,14285.0,6.15,12.8,11.63,NIFTY_COMMODITIES,profit
140,ONGC,157.4,7.91,0.5,12.92,192.84,20324.0,3.6,6.68,7.35,NIFTY_COMMODITIES,profit
141,PI Industries,2897.2,45.24,0.05,49.92,351.47,733.0,5.0,16.03,13.81,NIFTY_COMMODITIES,profit
142,Pidilite Ind,2414.45,81.28,0.04,22.26,114.78,1122.0,8.5,15.38,20.22,NIFTY_COMMODITIES,profit
143,Reliance,2464.0,26.23,0.32,76.37,1240.39,53223.0,7.0,11.39,7.01,NIFTY_COMMODITIES,profit
144,Shree Cements,27691.05,46.51,0.12,633.54,4281.75,2289.0,60.0,16.98,14.84,NIFTY_COMMODITIES,profit
145,Tata Power,249.9,32.57,1.85,3.17,74.32,611.0,1.55,1.74,5.41,NIFTY_COMMODITIES,profit
146,Tata Steel,1220.05,12.73,1.11,63.78,640.69,7862.0,25.0,5.03,10.19,NIFTY_COMMODITIES,profit
147,Ramco Cements,1021.9,29.49,0.54,34.0,243.24,763.0,3.0,14.43,13.67,NIFTY_COMMODITIES,profit
148,Torrent Power,540.6,15.78,0.66,26.86,212.65,1295.0,11.0,10.64,12.67,NIFTY_COMMODITIES,profit
149,UltraTechCement,7857.7,35.58,0.4,189.4,1530.59,5316.0,37.0,12.2,12.36,NIFTY_COMMODITIES,profit
150,UPL,755.6,17.63,1.32,36.4,282.27,3453.0,10.0,8.92,16.03,NIFTY_COMMODITIES,profit
151,Vedanta,338.2,7.3,0.8,31.32,208.11,15033.0,9.5,17.07,18.62,NIFTY_COMMODITIES,profit
152,Apollo Hospital,5733.95,270.27,0.54,10.74,333.96,136.0,3.0,1.28,3.26,NIFTY_CONSUMPTION,profit
153,Asian Paints,3230.25,77.53,0.03,32.73,137.92,3178.0,17.85,14.63,24.51,NIFTY_CONSUMPTION,profit
154,Avenue Supermar,5126.4,168.48,0.0,16.97,188.09,1099.0,0.0,4.55,9.02,NIFTY_CONSUMPTION,profit
155,Bajaj Auto,3583.8,21.86,0.0,167.9,942.51,4550.0,140.0,16.4,17.8,NIFTY_CONSUMPTION,profit
156,Berger Paints,792.15,103.24,0.11,7.41,34.84,725.0,2.8,10.63,21.31,NIFTY_CONSUMPTION,profit
157,Bharti Airtel,720.05,-18.36,2.2,-27.65,147.9,-23327.0,0.0,-12.19,-25.58,NIFTY_CONSUMPTION,loss
158,Britannia,3615.05,46.82,0.59,77.43,148.78,1849.0,157.5,14.08,52.53,NIFTY_CONSUMPTION,profit
159,Colgate,1484.15,40.96,0.0,38.07,42.86,1035.0,38.0,21.38,88.8,NIFTY_CONSUMPTION,profit
160,CG Consumer,458.45,39.93,0.15,9.83,30.77,616.0,5.5,12.83,31.92,NIFTY_CONSUMPTION,profit
161,Dabur India,608.0,56.42,0.06,9.58,43.57,1695.0,4.75,17.76,22.09,NIFTY_CONSUMPTION,profit
162,Eicher Motors,2674.2,52.82,0.01,49.3,418.52,1315.0,17.0,15.08,11.77,NIFTY_CONSUMPTION,profit
163,Godrej Consumer,921.65,43.35,0.08,16.83,92.31,1720.0,0.0,15.6,18.23,NIFTY_CONSUMPTION,profit
164,Havells India,1375.25,62.97,0.08,16.68,82.69,1044.0,6.5,9.98,20.17,NIFTY_CONSUMPTION,profit
165,Hero Motocorp,2749.35,19.95,0.02,146.07,778.76,2982.0,105.0,9.63,18.92,NIFTY_CONSUMPTION,profit
166,HUL,2391.15,71.45,0.0,34.03,202.95,8000.0,31.0,17.0,16.77,NIFTY_CONSUMPTION,profit
167,Info Edge,6545.0,38.39,0.0,111.51,430.92,1620.0,0.0,144.68,25.77,NIFTY_CONSUMPTION,profit
168,Interglobe Avi,2332.0,-10.82,23.87,-150.89,2.73,-5806.0,0.0,-39.65,-5530.98,NIFTY_CONSUMPTION,loss
169,ITC,239.5,20.42,0.0,10.7,49.31,13389.0,10.75,27.17,21.8,NIFTY_CONSUMPTION,profit
170,Jubilant Food,3922.25,165.87,0.0,17.55,108.83,230.0,6.0,6.96,16.23,NIFTY_CONSUMPTION,profit
171,M&M,954.45,48.7,1.43,16.33,456.2,2425.0,8.75,0.31,4.35,NIFTY_CONSUMPTION,profit
172,Marico,551.75,45.3,0.11,9.08,25.26,1201.0,7.5,14.92,36.17,NIFTY_CONSUMPTION,profit
173,Maruti Suzuki,8274.75,47.21,0.01,145.3,1738.43,4220.0,45.0,5.99,8.36,NIFTY_CONSUMPTION,profit
174,Nestle,19477.05,0.0,0.02,215.98,209.43,2082.0,200.0,15.59,103.12,NIFTY_CONSUMPTION,profit
175,Page Industries,40966.05,99.29,0.0,305.35,793.33,340.0,250.0,12.02,38.48,NIFTY_CONSUMPTION,profit
176,Titan Company,2499.35,142.16,0.58,10.96,84.29,979.0,4.0,4.52,12.97,NIFTY_CONSUMPTION,profit
177,Trent,1153.2,-182.74,0.0,-4.11,66.32,-109.0,0.6,-4.23,-6.31,NIFTY_CONSUMPTION,loss
178,United Spirits,928.35,102.84,0.21,5.41,55.87,363.0,0.0,4.46,9.31,NIFTY_CONSUMPTION,profit
179,Voltas,1235.45,63.13,0.05,15.87,152.04,589.0,5.0,7.8,10.51,NIFTY_CONSUMPTION,profit
180,Zee Entertain,320.2,24.39,0.0,8.33,105.18,793.0,2.5,10.26,7.92,NIFTY_CONSUMPTION,profit
181,Bharat Elec,215.45,14.51,0.0,8.62,45.45,2069.0,4.0,14.66,18.97,NIFTY_PSE,profit
182,BHEL,64.05,-6.29,0.19,-7.75,74.59,-2743.0,0.0,-15.85,-10.38,NIFTY_PSE,loss
183,BPCL,413.8,5.23,0.75,81.87,255.89,17645.0,79.0,7.66,30.18,NIFTY_PSE,profit
184,Coal India,156.1,6.32,0.16,20.61,59.97,12705.0,16.0,14.11,34.77,NIFTY_PSE,profit
185,Container Corp,665.25,72.75,0.01,8.22,168.9,469.0,5.0,7.3,4.95,NIFTY_PSE,profit
186,GAIL,145.0,9.96,0.13,13.61,119.99,4428.0,5.0,7.71,11.53,NIFTY_PSE,profit
187,Hindustan Aeron,1406.1,10.27,0.0,96.87,461.02,3234.0,30.0,14.21,21.01,NIFTY_PSE,profit
188,HPCL,326.0,3.32,1.12,70.57,262.19,10524.0,22.75,4.51,28.0,NIFTY_PSE,profit
189,IOC,128.45,3.9,0.97,23.57,122.88,20565.0,12.0,5.65,19.34,NIFTY_PSE,profit
190,IRCTC,903.6,148.02,0.0,11.87,91.68,189.0,2.5,24.25,12.94,NIFTY_PSE,profit
191,NALCO,98.75,7.75,0.0,6.97,58.14,1299.0,3.5,14.51,12.16,NIFTY_PSE,profit
192,NHPC,33.15,8.07,0.66,3.03,35.76,3587.0,1.6,37.18,9.84,NIFTY_PSE,profit
193,NMDC,138.2,6.54,0.07,20.7,102.02,6247.0,7.76,40.64,21.0,NIFTY_PSE,profit
194,NTPC,136.45,7.17,1.57,14.87,133.31,14285.0,6.15,12.8,11.63,NIFTY_PSE,profit
195,ONGC,157.4,7.91,0.5,12.92,192.84,20324.0,3.6,6.68,7.35,NIFTY_PSE,profit
196,Oil India,220.0,3.77,0.82,32.53,228.79,3617.0,5.0,16.08,14.9,NIFTY_PSE,profit
197,Power Finance,131.85,2.56,10.86,44.5,309.8,15709.0,10.0,21.92,19.33,NIFTY_PSE,profit
198,Power Grid Corp,191.05,7.03,1.87,23.01,133.68,11821.0,12.0,29.82,17.21,NIFTY_PSE,profit
199,REC,138.4,3.09,7.63,42.42,218.77,8380.0,12.71,23.57,19.39,NIFTY_PSE,profit
200,SAIL,113.65,8.45,0.82,9.32,105.3,3850.0,0.0,5.57,8.85,NIFTY_PSE,profit
201,Axis Bank,712.35,28.83,0.0,24.19,338.13,7252.0,0.0,11.2,6.94,Nifty_FinSrv25/50,profit
202,Bajaj Finance,7607.65,69.99,3.57,73.58,613.67,4419.0,10.0,16.57,11.97,Nifty_FinSrv25/50,profit
203,Bajaj Finserv,18255.4,34.42,3.57,280.9,3663.06,7367.0,3.0,12.15,12.47,Nifty_FinSrv25/50,profit
204,Bajaj Holdings,4929.7,10.04,0.0,327.9,3964.2,208.0,40.0,52.25,9.82,Nifty_FinSrv25/50,profit
205,HDFC AMC,2647.65,46.87,0.0,62.28,224.28,1325.0,34.0,71.56,27.75,Nifty_FinSrv25/50,profit
206,HDFC Bank,1530.8,25.81,0.0,57.88,380.59,31857.0,6.5,24.78,15.17,Nifty_FinSrv25/50,profit
207,HDFC Life,711.05,103.29,0.05,6.74,55.38,1360.0,0.0,81.04,12.15,Nifty_FinSrv25/50,profit
208,HDFC,2948.4,23.66,2.85,105.59,918.08,13566.0,23.0,9.75,11.95,Nifty_FinSrv25/50,profit
209,ICICI Bank,761.3,21.35,0.0,27.26,223.31,20220.0,0.0,22.83,11.9,Nifty_FinSrv25/50,profit
210,ICICI Lombard,1529.0,44.22,0.06,32.41,178.53,1473.0,8.0,59.87,18.15,Nifty_FinSrv25/50,profit
211,ICICI Prudentia,643.25,66.91,0.1,6.66,84.28,956.0,2.0,34.69,7.9,Nifty_FinSrv25/50,profit
212,Kotak Mahindra,2053.1,34.69,0.0,50.53,425.56,9903.0,0.0,30.17,11.84,Nifty_FinSrv25/50,profit
213,M&M Financial,179.1,28.46,4.13,6.99,128.86,740.0,0.8,6.14,4.9,Nifty_FinSrv25/50,profit
214,Piramal Enter,2573.0,31.2,0.97,56.19,1490.21,1074.0,33.0,8.38,4.1,Nifty_FinSrv25/50,profit
215,Power Finance,131.85,2.56,10.86,44.5,309.8,15709.0,10.0,21.92,19.33,Nifty_FinSrv25/50,profit
216,REC,138.4,3.09,7.63,42.42,218.77,8380.0,12.71,23.57,19.39,Nifty_FinSrv25/50,profit
217,SBI Life Insura,1187.2,60.5,0.0,14.56,104.0,1455.0,2.5,61.49,13.99,Nifty_FinSrv25/50,profit
218,Shriram Trans,1630.85,14.02,4.89,101.44,858.19,2487.0,18.0,14.27,11.5,Nifty_FinSrv25/50,profit
219,SBI,498.15,14.51,0.0,25.11,282.35,22912.0,4.0,8.73,8.89,Nifty_FinSrv25/50,profit
220,Abbott India,19664.9,46.1,0.0,325.04,1224.55,690.0,275.0,16.02,26.54,Nifty_Healthcare,profit
221,Alkem Lab,3476.9,20.89,0.23,132.57,632.2,1617.0,30.0,18.24,21.48,Nifty_Healthcare,profit
222,Apollo Hospital,5733.95,270.27,0.54,10.74,333.96,136.0,3.0,1.28,3.26,Nifty_Healthcare,profit
223,Aurobindo Pharm,666.55,9.68,0.23,91.05,374.28,5389.0,4.0,21.75,24.32,Nifty_Healthcare,profit
224,Biocon,376.4,65.53,0.47,6.24,70.09,925.0,0.0,12.88,9.83,Nifty_Healthcare,profit
225,Cadila Health,472.1,21.16,0.28,20.84,145.8,2137.0,3.5,14.15,16.42,Nifty_Healthcare,profit
226,Cipla,905.35,27.33,0.08,29.82,230.46,2401.0,5.0,12.53,13.12,Nifty_Healthcare,profit
227,Divis Labs,4763.85,48.47,0.0,74.75,350.15,1984.0,20.0,28.47,21.34,Nifty_Healthcare,profit
228,Dr Lal PathLab,3651.85,76.62,0.0,35.33,153.1,296.0,20.0,18.74,23.42,Nifty_Healthcare,profit
229,Dr Reddys Labs,4768.3,38.38,0.17,117.67,1060.2,1903.0,25.0,9.99,11.06,Nifty_Healthcare,profit
230,Fortis Health,286.2,-137.34,0.19,-1.45,88.98,-103.0,0.0,-2.57,-1.79,Nifty_Healthcare,loss
231,Glenmark,501.4,7.95,0.24,58.46,524.84,1649.0,2.5,21.79,11.13,Nifty_Healthcare,profit
232,Ipca Labs,2097.1,21.13,0.04,90.11,371.79,1148.0,8.0,21.19,24.24,Nifty_Healthcare,profit
233,Laurus Labs,484.0,19.72,0.51,18.36,48.47,983.0,2.0,20.43,37.86,Nifty_Healthcare,profit
234,Lupin,910.15,38.02,0.22,26.84,305.45,1226.0,6.5,8.08,8.81,Nifty_Healthcare,profit
235,Natco Pharma,821.35,34.11,0.06,24.2,225.94,442.0,5.25,21.55,10.69,Nifty_Healthcare,profit
236,Pfizer,5060.45,41.6,0.0,108.77,523.07,497.0,35.0,22.22,20.79,Nifty_Healthcare,profit
237,Sanofi India,8350.65,0.0,0.0,207.38,921.3,477.0,365.0,16.45,22.53,Nifty_Healthcare,profit
238,Sun Pharma,791.35,49.4,0.07,12.1,206.23,2284.0,7.5,6.82,6.24,Nifty_Healthcare,profit
239,Torrent Pharma,2834.4,34.4,0.62,73.98,344.9,1251.0,35.0,15.63,21.44,Nifty_Healthcare,profit
240,Adani Total Gas,1636.2,228.33,0.22,4.21,17.58,471.0,0.25,27.83,23.93,Nifty_OilGas,profit
241,BPCL,413.8,5.23,0.75,81.87,255.89,17645.0,79.0,7.66,30.18,Nifty_OilGas,profit
242,Castrol,133.5,0.0,0.0,5.89,14.3,582.0,5.5,19.45,41.21,Nifty_OilGas,profit
243,GAIL,145.0,9.96,0.13,13.61,119.99,4428.0,5.0,7.71,11.53,Nifty_OilGas,profit
244,Gujarat Gas,658.05,29.6,0.17,18.56,65.54,1275.0,2.0,12.94,28.32,Nifty_OilGas,profit
245,Guj State Petro,320.55,9.6,0.24,28.48,149.92,2153.0,2.0,18.67,25.14,Nifty_OilGas,profit
246,Gulf Oil Lubric,586.75,18.12,0.23,39.86,172.81,200.0,16.0,12.11,23.01,Nifty_OilGas,profit
247,HPCL,326.0,3.32,1.12,70.57,262.19,10524.0,22.75,4.51,28.0,Nifty_OilGas,profit
248,IOC,128.45,3.9,0.97,23.57,122.88,20565.0,12.0,5.65,19.34,Nifty_OilGas,profit
249,IGL,497.1,30.59,0.0,16.75,90.49,1046.0,3.6,19.24,18.51,Nifty_OilGas,profit
250,Mahanagar Gas,999.95,18.64,0.0,62.72,327.23,619.0,23.0,26.5,19.16,Nifty_OilGas,profit
251,ONGC,157.4,7.91,0.5,12.92,192.84,20324.0,3.6,6.68,7.35,Nifty_OilGas,profit
252,Oil India,220.0,3.77,0.82,32.53,228.79,3617.0,5.0,16.08,14.9,Nifty_OilGas,profit
253,Petronet LNG,228.05,11.47,0.0,19.59,78.71,2920.0,11.5,11.22,24.89,Nifty_OilGas,profit
254,Reliance,2464.0,26.23,0.32,76.37,1240.39,53223.0,7.0,11.39,7.01,Nifty_OilGas,profit
1,Bank of Baroda,97.55,22.32,0.0,3.32,159.12,1454.0,0.0,1.95,1.87,NIFTY_PSU_BANK,profit
2,Bank of India,59.5,10.67,0.0,6.36,124.1,2199.0,0.0,5.38,5.12,NIFTY_PSU_BANK,profit
3,Bank of Mah,20.15,22.86,0.0,0.91,16.97,551.0,0.0,4.64,5.13,NIFTY_PSU_BANK,profit
4,Canara Bank,220.05,7.96,0.0,19.11,328.68,2702.0,0.0,3.84,5.34,NIFTY_PSU_BANK,profit
5,Central Bank,21.5,-9.42,0.0,-1.73,30.47,-878.0,0.0,-3.84,-5.58,NIFTY_PSU_BANK,loss
6,Indian Bank,162.8,4.16,0.0,27.88,298.42,3016.0,2.0,7.71,9.34,NIFTY_PSU_BANK,profit
7,IOB,20.9,31.37,0.0,0.51,10.31,831.0,0.0,4.9,4.9,NIFTY_PSU_BANK,profit
8,JK Bank,41.8,4.27,0.0,6.01,81.69,435.0,0.0,5.28,7.34,NIFTY_PSU_BANK,profit
10,PNB,40.65,13.88,0.0,2.64,88.32,2152.0,0.0,2.62,2.76,NIFTY_PSU_BANK,profit
11,SBI,498.15,14.51,0.0,25.11,282.35,22912.0,4.0,8.73,8.89,NIFTY_PSU_BANK,profit
12,UCO Bank,13.65,64.71,0.0,0.17,17.46,167.0,0.0,1.15,0.96,NIFTY_PSU_BANK,profit
13,Union Bank,47.35,7.62,0.0,4.47,93.24,2828.0,0.0,4.08,4.79,NIFTY_PSU_BANK,profit
14,Axis Bank,712.35,28.83,0.0,24.19,338.13,7252.0,0.0,11.2,6.94,NIFTY_FIN_SERVICE,profit
15,Bajaj Finance,7607.65,69.99,3.57,73.58,613.67,4419.0,10.0,16.57,11.97,NIFTY_FIN_SERVICE,profit
16,Bajaj Finserv,18255.4,34.42,3.57,280.9,3663.06,7367.0,3.0,12.15,12.47,NIFTY_FIN_SERVICE,profit
18,HDFC AMC,2647.65,46.87,0.0,62.28,224.28,1325.0,34.0,71.56,27.75,NIFTY_FIN_SERVICE,profit
19,HDFC Bank,1530.8,25.81,0.0,57.88,380.59,31857.0,6.5,24.78,15.17,NIFTY_FIN_SERVICE,profit
20,HDFC Life,711.05,103.29,0.05,6.74,55.38,1360.0,0.0,81.04,12.15,NIFTY_FIN_SERVICE,profit
21,HDFC,2948.4,23.66,2.85,105.59,918.08,13566.0,23.0,9.75,11.95,NIFTY_FIN_SERVICE,profit
22,ICICI Bank,761.3,21.35,0.0,27.26,223.31,20220.0,0.0,22.83,11.9,NIFTY_FIN_SERVICE,profit
23,ICICI Lombard,1529.0,44.22,0.06,32.41,178.53,1473.0,8.0,59.87,18.15,NIFTY_FIN_SERVICE,profit
24,ICICI Prudentia,643.25,66.91,0.1,6.66,84.28,956.0,2.0,34.69,7.9,NIFTY_FIN_SERVICE,profit
25,Kotak Mahindra,2053.1,34.69,0.0,50.53,425.56,9903.0,0.0,30.17,11.84,NIFTY_FIN_SERVICE,profit
26,M&M Financial,179.1,28.46,4.13,6.99,128.86,740.0,0.8,6.14,4.9,NIFTY_FIN_SERVICE,profit
27,Muthoot Finance,1639.2,12.72,3.24,94.84,392.82,3818.0,20.0,33.11,24.42,NIFTY_FIN_SERVICE,profit
28,Piramal Enter,2573.0,31.2,0.97,56.19,1490.21,1074.0,33.0,8.38,4.1,NIFTY_FIN_SERVICE,profit
29,Power Finance,131.85,2.56,10.86,44.5,309.8,15709.0,10.0,21.92,19.33,NIFTY_FIN_SERVICE,profit
30,REC,138.4,3.09,7.63,42.42,218.77,8380.0,12.71,23.57,19.39,NIFTY_FIN_SERVICE,profit
31,SBI Life Insura,1187.2,60.5,0.0,14.56,104.0,1455.0,2.5,61.49,13.99,NIFTY_FIN_SERVICE,profit
32,Shriram Trans,1630.85,14.02,4.89,101.44,858.19,2487.0,18.0,14.27,11.5,NIFTY_FIN_SERVICE,profit
33,SBI,498.15,14.51,0.0,25.11,282.35,22912.0,4.0,8.73,8.89,NIFTY_FIN_SERVICE,profit
36,Axis Bank,712.35,28.83,0.0,24.19,338.13,7252.0,0.0,11.2,6.94,Nifty_Pvt_Bank,profit
37,Bandhan Bank,311.2,24.74,0.0,13.7,108.09,2205.0,0.0,17.6,12.66,Nifty_Pvt_Bank,profit
38,Federal Bank,97.1,9.09,0.0,8.34,82.65,1647.0,0.0,11.5,10.08,Nifty_Pvt_Bank,profit
39,HDFC Bank,1530.8,25.81,0.0,57.88,380.59,31857.0,6.5,24.78,15.17,Nifty_Pvt_Bank,profit
40,ICICI Bank,761.3,21.35,0.0,27.26,223.31,20220.0,0.0,22.83,11.9,Nifty_Pvt_Bank,profit
41,IDFC First Bank,49.5,63.3,0.0,0.88,31.54,483.0,0.0,3.02,2.69,Nifty_Pvt_Bank,profit
42,IndusInd Bank,1034.0,23.84,0.0,40.03,558.43,2930.0,0.0,10.1,6.78,Nifty_Pvt_Bank,profit
43,Kotak Mahindra,2053.1,34.69,0.0,50.53,425.56,9903.0,0.0,30.17,11.84,Nifty_Pvt_Bank,profit
44,RBL Bank,207.6,21.29,0.0,9.75,211.79,529.0,0.0,6.18,4.18,Nifty_Pvt_Bank,profit
45,Yes Bank,13.0,-9.45,0.0,-1.65,13.23,-3489.0,0.0,-17.41,-10.52,Nifty_Pvt_Bank,loss
47,Adani Green Ene,1313.5,1624.78,27.22,0.68,5.03,176.0,0.0,5.63,24.39,NIFTY_SERV_SECTOR,profit
48,Adani Ports,735.55,28.58,1.09,24.58,157.16,5063.0,5.0,40.34,16.39,NIFTY_SERV_SECTOR,profit
49,Avenue Supermar,5126.4,168.48,0.0,16.97,188.09,1099.0,0.0,4.55,9.02,NIFTY_SERV_SECTOR,profit
50,Axis Bank,712.35,28.83,0.0,24.19,338.13,7252.0,0.0,11.2,6.94,NIFTY_SERV_SECTOR,profit
51,Bajaj Finance,7607.65,69.99,3.57,73.58,613.67,4419.0,10.0,16.57,11.97,NIFTY_SERV_SECTOR,profit
52,Bajaj Finserv,18255.4,34.42,3.57,280.9,3663.06,7367.0,3.0,12.15,12.47,NIFTY_SERV_SECTOR,profit
53,Bandhan Bank,311.2,24.74,0.0,13.7,108.09,2205.0,0.0,17.6,12.66,NIFTY_SERV_SECTOR,profit
54,Bharti Airtel,720.05,-18.36,2.2,-27.65,147.9,-23327.0,0.0,-12.19,-25.58,NIFTY_SERV_SECTOR,loss
55,GAIL,145.0,9.96,0.13,13.61,119.99,4428.0,5.0,7.71,11.53,NIFTY_SERV_SECTOR,profit
56,HCL Tech,1152.45,23.93,0.06,41.07,221.3,11169.0,10.0,14.81,18.6,NIFTY_SERV_SECTOR,profit
57,HDFC Bank,1530.8,25.81,0.0,57.88,380.59,31857.0,6.5,24.78,15.17,NIFTY_SERV_SECTOR,profit
58,HDFC Life,711.05,103.29,0.05,6.74,55.38,1360.0,0.0,81.04,12.15,NIFTY_SERV_SECTOR,profit
59,HDFC,2948.4,23.66,2.85,105.59,918.08,13566.0,23.0,9.75,11.95,NIFTY_SERV_SECTOR,profit
60,ICICI Bank,761.3,21.35,0.0,27.26,223.31,20220.0,0.0,22.83,11.9,NIFTY_SERV_SECTOR,profit
61,ICICI Lombard,1529.0,44.22,0.06,32.41,178.53,1473.0,8.0,59.87,18.15,NIFTY_SERV_SECTOR,profit
62,ICICI Prudentia,643.25,66.91,0.1,6.66,84.28,956.0,2.0,34.69,7.9,NIFTY_SERV_SECTOR,profit
63,IndusInd Bank,1034.0,23.84,0.0,40.03,558.43,2930.0,0.0,10.1,6.78,NIFTY_SERV_SECTOR,profit
64,Info Edge,6545.0,38.39,0.0,111.51,430.92,1620.0,0.0,144.68,25.77,NIFTY_SERV_SECTOR,profit
65,Infosys,1787.45,29.99,0.0,45.61,180.75,19423.0,27.0,19.33,25.34,NIFTY_SERV_SECTOR,profit
66,Kotak Mahindra,2053.1,34.69,0.0,50.53,425.56,9903.0,0.0,30.17,11.84,NIFTY_SERV_SECTOR,profit
67,NTPC,136.45,7.17,1.57,14.87,133.31,14285.0,6.15,12.8,11.63,NIFTY_SERV_SECTOR,profit
68,Petronet LNG,228.05,11.47,0.0,19.59,78.71,2920.0,11.5,11.22,24.89,NIFTY_SERV_SECTOR,profit
69,Power Grid Corp,191.05,7.03,1.87,23.01,133.68,11821.0,12.0,29.82,17.21,NIFTY_SERV_SECTOR,profit
70,SBI Life Insura,1187.2,60.5,0.0,14.56,104.0,1455.0,2.5,61.49,13.99,NIFTY_SERV_SECTOR,profit
71,Shriram Trans,1630.85,14.02,4.89,101.44,858.19,2487.0,18.0,14.27,11.5,NIFTY_SERV_SECTOR,profit
72,SBI,498.15,14.51,0.0,25.11,282.35,22912.0,4.0,8.73,8.89,NIFTY_SERV_SECTOR,profit
73,TCS,3521.9,36.65,0.0,86.71,235.43,32562.0,38.0,19.83,37.52,NIFTY_SERV_SECTOR,profit
74,Tech Mahindra,1618.45,19.58,0.07,50.64,288.78,4351.0,45.0,11.49,17.81,NIFTY_SERV_SECTOR,profit
75,Wipro,661.8,21.67,0.12,19.11,100.48,10855.0,1.0,17.52,19.66,NIFTY_SERV_SECTOR,profit
76,Zee Entertain,320.2,24.39,0.0,8.33,105.18,793.0,2.5,10.26,7.92,NIFTY_SERV_SECTOR,profit
78,Amber Enterpris,3389.1,132.85,0.22,24.96,486.92,83.0,0.0,2.74,5.08,Nifty_Consr_Durbl,profit
79,Bata India,2174.35,-202.33,0.0,-6.95,136.79,-89.0,4.0,-5.22,-5.07,Nifty_Consr_Durbl,loss
80,Blue Star,1002.7,89.65,0.51,10.42,92.2,98.0,0.0,2.29,11.33,Nifty_Consr_Durbl,profit
81,CG Consumer,458.45,39.93,0.15,9.83,30.77,616.0,5.5,12.83,31.92,Nifty_Consr_Durbl,profit
82,Dixon Technolog,5449.1,133.58,0.21,27.49,125.93,159.0,1.0,2.47,21.67,Nifty_Consr_Durbl,profit
83,Havells India,1375.25,62.97,0.08,16.68,82.69,1044.0,6.5,9.98,20.17,Nifty_Consr_Durbl,profit
84,Kajaria Ceramic,1175.25,47.85,0.05,19.37,121.52,308.0,10.0,11.1,16.48,Nifty_Consr_Durbl,profit
85,Orient Electric,380.55,55.22,0.03,5.64,21.47,119.0,2.0,5.89,26.27,Nifty_Consr_Durbl,profit
86,Rajesh Exports,741.25,13.41,0.12,40.84,356.77,1205.0,1.0,0.61,11.44,Nifty_Consr_Durbl,profit
87,Relaxo Footwear,1362.55,74.65,0.0,11.74,63.3,291.0,2.5,12.35,18.54,Nifty_Consr_Durbl,profit
88,Titan Company,2499.35,142.16,0.58,10.96,84.29,979.0,4.0,4.52,12.97,Nifty_Consr_Durbl,profit
89,TTK Prestige,11006.5,41.37,0.03,175.23,1084.31,242.0,50.0,10.82,15.75,Nifty_Consr_Durbl,profit
90,V-Guard Ind,251.5,53.92,0.01,4.68,28.27,201.0,1.2,7.41,16.57,Nifty_Consr_Durbl,profit
91,Voltas,1235.45,63.13,0.05,15.87,152.04,589.0,5.0,7.8,10.51,Nifty_Consr_Durbl,profit
92,Whirlpool,2311.75,80.3,0.0,27.73,225.29,333.0,5.0,5.64,12.3,Nifty_Consr_Durbl,profit
